StudyID,Coalfield,State,Basin,Latitude,Longitude
S001,Talcher,Odisha,Mahanadi Valley,20.95,85.1
S002,Makum,Assam,Assam (Tertiary),27.3,95.65
S003,Raniganj,West Bengal,Damodar Valley,23.62,87.3
S004,North Karanpura,Jharkhand,Damodar Valley,23.75,85.05
S005,Bishrampur,Chhattisgarh,Son Valley,23.2,82.9
S006,Jharia,Jharkhand,Damodar Valley,23.74,86.42
S007,Not reported,,,,
S008,Singrauli,Madhya Pradesh,Son Valley,24.2,82.65
S009,Ib Valley,Odisha,Mahanadi Valley,21.85,83.95
S010,Makum,Assam,Assam (Tertiary),27.3,95.65
S011,Raniganj,West Bengal,Damodar Valley,23.62,87.3
S012,Not reported,,,,
S013,North Karanpura,Jharkhand,Damodar Valley,23.75,85.05
S014,Not reported,,,,
S015,Jharia,Jharkhand,Damodar Valley,23.74,86.42
S016,Meghalaya (Jaintia),Meghalaya,Meghalaya (Tertiary),25.45,92.4
S017,Jharia,Jharkhand,Damodar Valley,23.74,86.42
S018,South India (unspecified),,,,
S019,Meghalaya (Jaintia),Meghalaya,Meghalaya (Tertiary),25.45,92.4
S020,Godavari Valley,Telangana,Wardha-Godavari,18.75,79.45
S021,Raniganj,West Bengal,Damodar Valley,23.62,87.3
S022,Meghalaya (Jaintia),Meghalaya,Meghalaya (Tertiary),25.45,92.4
S023,West Bokaro,Jharkhand,Damodar Valley,23.72,85.55
S024,Jharia,Jharkhand,Damodar Valley,23.74,86.42
S025,Raniganj,West Bengal,Damodar Valley,23.62,87.3
S026,Jharia,Jharkhand,Damodar Valley,23.74,86.42
S027,Makum,Assam,Assam (Tertiary),27.3,95.65
S028,Makum,Assam,Assam (Tertiary),27.3,95.65
S029,Makum,Assam,Assam (Tertiary),27.3,95.65
S030,North Karanpura,Jharkhand,Damodar Valley,23.75,85.05
S031,Ib Valley,Odisha,Mahanadi Valley,21.85,83.95
S032,India (national / unspecified),,,,
S033,Not reported,,,,
S034,Neyveli,Tamil Nadu,Cauvery (lignite),11.55,79.48
S035,Raniganj,West Bengal,Damodar Valley,23.62,87.3
S036,Not reported,,,,
S037,India (national / unspecified),,,,
S038,Not reported,,,,
S039,Talcher,Odisha,Mahanadi Valley,20.95,85.1
S040,Jharkhand (unspecified),,,,
S041,Not reported,,,,
S042,Sohagpur,Madhya Pradesh,Son Valley,23.3,81.9
S043,North Karanpura,Jharkhand,Damodar Valley,23.75,85.05
S044,India (national / unspecified),,,,
S045,Raniganj,West Bengal,Damodar Valley,23.62,87.3
S046,Makum,Assam,Assam (Tertiary),27.3,95.65
S047,Not reported,,,,
S048,Singrauli,Madhya Pradesh,Son Valley,24.2,82.65
S049,Jharia,Jharkhand,Damodar Valley,23.74,86.42
S050,Korba,Chhattisgarh,Mahanadi Valley,22.35,82.68
S051,Ramgarh (Rajrappa),Jharkhand,Damodar Valley,23.62,85.55
S052,Raniganj,West Bengal,Damodar Valley,23.62,87.3
S053,India (national / unspecified),,,,
S054,Sohagpur,Madhya Pradesh,Son Valley,23.3,81.9
S055,Manendragarh,Chhattisgarh,Son Valley,23.2,82.2
S056,Singrauli,Madhya Pradesh,Son Valley,24.2,82.65
S057,Korba,Chhattisgarh,Mahanadi Valley,22.35,82.68
S058,Ib Valley,Odisha,Mahanadi Valley,21.85,83.95
S059,Makum,Assam,Assam (Tertiary),27.3,95.65
S060,Not reported,,,,
S061,Singrauli,Madhya Pradesh,Son Valley,24.2,82.65
S062,Bishrampur,Chhattisgarh,Son Valley,23.2,82.9
S063,Jharia,Jharkhand,Damodar Valley,23.74,86.42
S064,Wardha Valley,Maharashtra,Wardha-Godavari,20.35,78.65
S065,Not reported,,,,
S066,North Karanpura,Jharkhand,Damodar Valley,23.75,85.05
S067,Jharia,Jharkhand,Damodar Valley,23.74,86.42
S068,Wardha Valley,Maharashtra,Wardha-Godavari,20.35,78.65
S069,Neyveli,Tamil Nadu,Cauvery (lignite),11.55,79.48
S070,Jharia,Jharkhand,Damodar Valley,23.74,86.42
S071,Jharia,Jharkhand,Damodar Valley,23.74,86.42
S072,Raniganj,West Bengal,Damodar Valley,23.62,87.3
S073,Umaria,Madhya Pradesh,Son Valley,23.52,80.84
S074,Jharia,Jharkhand,Damodar Valley,23.74,86.42
S075,Not reported,,,,
S076,Talcher,Odisha,Mahanadi Valley,20.95,85.1
S077,Jharia,Jharkhand,Damodar Valley,23.74,86.42
S078,Not reported,,,,
S079,Jharia,Jharkhand,Damodar Valley,23.74,86.42
S080,Jharia,Jharkhand,Damodar Valley,23.74,86.42
S081,West Bokaro,Jharkhand,Damodar Valley,23.72,85.55
S082,Makum,Assam,Assam (Tertiary),27.3,95.65
S083,Ib Valley,Odisha,Mahanadi Valley,21.85,83.95
